,disease,symptoms
0,1,"[7.0, 32.0, 54.0, 173.0, 205.0, 264.0, 275.0]"
1,2,"[99.0, 284.0]"
2,3,"[2.0, 102.0, 264.0]"
3,4,"[6.0, 11.0, 13.0, 23.0, 39.0, 41.0, 57.0, 67.0, 81.0, 91.0, 152.0, 182.0, 238.0, 262.0]"
4,5,"[17.0, 126.0, 159.0, 194.0, 195.0]"
5,6,"[66.0, 71.0, 77.0, 113.0, 116.0, 149.0, 153.0, 179.0, 264.0]"
6,7,"[66.0, 71.0, 77.0, 113.0, 116.0, 149.0, 153.0, 179.0, 264.0]"
7,8,"[12.0, 42.0, 57.0, 99.0, 177.0, 214.0, 245.0]"
8,9,"[12.0, 177.0, 214.0]"
9,10,"[5.0, 19.0, 21.0, 38.0, 66.0, 73.0, 96.0, 116.0, 292.0, 294.0]"
10,11,"[36.0, 113.0]"
11,12,"[21.0, 24.0, 157.0]"
12,13,"[6.0, 182.0, 301.0]"
13,14,"[26.0, 112.0, 200.0]"
14,15,"[78.0, 149.0]"
15,16,"[84.0, 119.0, 257.0]"
16,17,[133.0]
17,18,"[6.0, 67.0, 89.0, 301.0]"
18,19,"[5.0, 15.0, 19.0, 21.0, 38.0, 51.0, 79.0, 96.0, 136.0, 146.0]"
19,20,"[4.0, 15.0, 48.0, 49.0, 94.0, 148.0, 164.0, 291.0]"
20,21,"[59.0, 97.0, 111.0, 123.0, 125.0, 149.0, 257.0, 292.0, 304.0]"
21,22,"[4.0, 150.0]"
22,23,"[4.0, 15.0, 38.0, 51.0, 87.0, 121.0, 122.0, 235.0, 265.0, 291.0, 292.0]"
23,25,"[2.0, 4.0, 5.0, 9.0, 13.0, 15.0, 19.0, 21.0, 28.0, 38.0, 41.0, 51.0, 96.0, 113.0, 121.0, 176.0, 179.0, 188.0, 201.0, 204.0, 240.0, 241.0, 242.0, 243.0, 246.0, 264.0]"
24,26,"[2.0, 13.0, 17.0, 21.0, 28.0, 46.0, 52.0, 81.0, 88.0, 126.0, 139.0, 159.0, 194.0, 195.0, 203.0, 208.0, 213.0, 216.0, 223.0, 224.0, 225.0, 226.0, 227.0, 228.0, 229.0, 230.0, 231.0, 238.0, 259.0, 291.0]"
25,27,"[17.0, 24.0, 41.0, 64.0, 84.0, 93.0, 120.0, 162.0, 236.0]"
26,28,"[47.0, 90.0, 162.0, 257.0, 258.0]"
27,29,[43.0]
28,30,"[15.0, 40.0]"
29,31,"[66.0, 104.0, 137.0, 164.0, 292.0, 294.0]"
30,32,"[10.0, 30.0]"
31,33,"[5.0, 21.0, 38.0, 41.0, 44.0, 51.0, 96.0]"
32,34,"[71.0, 77.0, 153.0, 165.0]"
33,36,"[16.0, 218.0, 238.0]"
34,37,"[46.0, 126.0, 139.0, 159.0, 194.0]"
35,38,"[46.0, 50.0, 88.0, 126.0, 129.0, 130.0, 139.0, 159.0, 193.0, 194.0, 205.0]"
36,39,"[15.0, 21.0, 28.0, 41.0, 59.0, 88.0, 114.0, 116.0, 125.0, 132.0, 179.0, 189.0, 262.0, 292.0]"
37,40,[56.0]
38,41,"[99.0, 284.0]"
39,42,"[7.0, 53.0, 67.0, 237.0, 275.0]"
40,43,[50.0]
41,44,"[3.0, 238.0, 275.0]"
42,45,"[59.0, 116.0, 125.0, 132.0, 136.0, 199.0, 210.0, 211.0]"
43,46,"[48.0, 79.0, 123.0, 201.0]"
44,47,"[50.0, 208.0, 223.0, 224.0, 225.0, 226.0, 227.0, 228.0, 229.0, 230.0, 231.0]"
45,48,"[77.0, 148.0, 153.0, 192.0, 223.0, 226.0, 227.0, 228.0, 229.0]"
46,49,"[71.0, 77.0, 153.0]"
47,50,"[73.0, 235.0, 291.0, 304.0]"
48,51,"[5.0, 13.0, 15.0, 19.0, 21.0, 28.0, 38.0, 41.0, 51.0, 66.0, 70.0, 79.0, 88.0, 96.0, 113.0, 121.0, 136.0, 146.0, 262.0, 264.0, 265.0, 282.0, 304.0]"
49,52,"[73.0, 189.0, 205.0, 262.0]"
50,54,"[36.0, 93.0, 120.0, 127.0, 128.0]"
51,55,"[8.0, 64.0, 163.0, 201.0]"
52,56,"[1.0, 2.0, 7.0, 14.0, 16.0, 32.0, 37.0, 54.0, 113.0, 128.0, 264.0]"
53,57,[56.0]
54,58,"[99.0, 213.0]"
55,59,"[5.0, 13.0, 21.0, 28.0, 36.0, 88.0, 207.0, 262.0]"
56,60,[64.0]
57,61,"[6.0, 7.0, 25.0, 34.0, 39.0, 45.0, 55.0, 57.0, 67.0, 100.0, 177.0, 245.0, 275.0, 301.0]"
58,62,"[25.0, 37.0, 45.0, 55.0, 57.0]"
59,63,"[37.0, 45.0, 57.0]"
60,64,"[71.0, 77.0, 153.0, 157.0]"
61,65,"[7.0, 13.0, 17.0, 88.0, 129.0, 170.0, 262.0, 269.0, 270.0, 273.0]"
62,66,"[52.0, 81.0, 139.0, 238.0, 274.0]"
63,67,"[6.0, 21.0, 28.0, 73.0, 88.0, 114.0, 116.0, 262.0]"
64,68,"[28.0, 207.0]"
65,69,"[14.0, 17.0, 29.0, 88.0, 129.0, 133.0, 138.0, 154.0, 175.0, 269.0, 270.0, 273.0]"
66,70,"[31.0, 149.0, 158.0]"
67,71,"[59.0, 62.0, 125.0, 179.0]"
68,72,"[91.0, 219.0, 220.0, 221.0, 222.0]"
69,73,"[7.0, 32.0, 37.0, 54.0, 57.0, 67.0, 102.0, 275.0]"
70,74,"[20.0, 66.0, 82.0, 218.0]"
71,75,"[31.0, 235.0]"
72,76,"[113.0, 173.0, 232.0]"
73,77,"[2.0, 7.0, 52.0, 72.0, 74.0, 81.0, 108.0, 109.0, 110.0, 238.0, 264.0]"
74,78,"[12.0, 55.0, 57.0, 58.0]"
75,79,"[75.0, 76.0, 281.0]"
76,80,[98.0]
77,81,"[110.0, 238.0]"
78,82,"[22.0, 104.0, 111.0, 164.0]"
79,83,"[40.0, 137.0, 145.0, 236.0, 294.0]"
80,84,"[71.0, 77.0, 153.0]"
81,85,"[26.0, 58.0, 61.0, 158.0, 190.0, 202.0, 203.0]"
82,86,"[50.0, 191.0, 193.0, 194.0, 208.0, 216.0, 223.0, 224.0, 225.0, 226.0, 227.0, 228.0, 229.0, 230.0, 231.0, 252.0]"
83,87,"[23.0, 24.0, 27.0, 41.0, 172.0, 247.0, 255.0]"
84,88,"[21.0, 111.0]"
85,89,"[33.0, 147.0, 148.0]"
86,90,"[19.0, 96.0]"
87,91,"[15.0, 71.0, 77.0, 153.0]"
88,93,"[5.0, 15.0, 19.0, 38.0, 41.0, 51.0, 79.0, 96.0, 146.0, 265.0]"
89,94,[95.0]
90,95,"[33.0, 147.0, 148.0]"
91,96,"[33.0, 37.0, 72.0, 147.0, 275.0, 277.0]"
92,97,[64.0]
93,98,"[26.0, 160.0, 195.0, 259.0]"
94,99,"[15.0, 21.0, 28.0, 249.0]"
95,101,"[5.0, 79.0]"
96,102,"[7.0, 275.0]"
97,103,"[94.0, 98.0, 114.0, 172.0, 270.0]"
98,105,"[21.0, 28.0, 88.0, 262.0]"
99,106,"[3.0, 135.0, 137.0, 291.0, 294.0]"
100,107,"[21.0, 41.0, 87.0, 94.0, 104.0, 111.0, 112.0, 137.0, 164.0, 165.0, 240.0, 244.0, 246.0, 255.0, 291.0, 294.0]"
101,108,"[3.0, 11.0, 287.0, 295.0]"
102,109,"[11.0, 21.0, 262.0, 287.0, 295.0]"
103,110,[295.0]
104,111,"[11.0, 287.0, 295.0]"
105,112,[270.0]
106,113,"[17.0, 88.0, 154.0, 170.0, 175.0, 178.0, 273.0]"
107,114,"[36.0, 88.0, 129.0, 154.0, 170.0, 175.0, 270.0, 273.0]"
108,115,"[1.0, 7.0, 13.0, 14.0, 17.0, 29.0, 47.0, 88.0, 93.0, 116.0, 120.0, 129.0, 138.0, 154.0, 175.0, 178.0, 262.0, 264.0, 269.0, 273.0]"
109,116,[95.0]
110,117,"[79.0, 123.0, 136.0, 199.0, 211.0, 282.0]"
111,118,"[68.0, 131.0]"
112,119,"[61.0, 93.0, 120.0, 136.0, 202.0]"
113,120,"[6.0, 39.0, 91.0, 152.0, 183.0, 223.0, 226.0, 227.0, 228.0, 229.0, 264.0]"
114,121,"[6.0, 25.0, 37.0, 45.0, 53.0, 55.0, 57.0, 89.0, 237.0, 261.0, 301.0, 303.0]"
115,122,"[51.0, 211.0, 291.0]"
116,123,"[71.0, 77.0, 153.0]"
117,124,"[35.0, 100.0, 238.0]"
118,125,"[10.0, 30.0, 103.0, 181.0]"
119,126,"[18.0, 31.0, 47.0, 58.0, 59.0, 116.0, 123.0, 125.0, 132.0, 173.0, 176.0, 177.0, 180.0, 187.0, 196.0, 201.0, 215.0, 234.0, 235.0, 241.0, 242.0, 243.0, 244.0, 245.0, 247.0]"
120,127,"[52.0, 72.0, 81.0, 93.0, 98.0, 108.0, 120.0, 238.0, 281.0]"
121,128,"[15.0, 21.0, 28.0, 41.0, 66.0, 69.0, 77.0, 87.0, 113.0, 134.0, 137.0, 240.0, 292.0, 293.0, 294.0]"
122,129,"[73.0, 111.0]"
123,130,"[21.0, 88.0, 116.0, 262.0]"
124,131,"[67.0, 104.0, 134.0, 293.0]"
125,132,[90.0]
126,133,"[6.0, 11.0, 25.0, 39.0, 69.0, 115.0, 118.0, 176.0, 217.0]"
127,134,"[49.0, 275.0]"
128,135,"[90.0, 134.0, 293.0]"
129,136,"[26.0, 134.0, 293.0]"
130,137,"[90.0, 134.0, 293.0]"
131,138,"[24.0, 41.0, 101.0, 187.0]"
132,139,"[1.0, 2.0, 20.0, 66.0, 173.0, 181.0, 232.0, 264.0]"
133,140,"[1.0, 6.0, 7.0, 11.0, 12.0, 14.0, 23.0, 24.0, 25.0, 29.0, 34.0, 35.0, 37.0, 39.0, 42.0, 45.0, 52.0, 55.0, 57.0, 58.0, 67.0, 68.0, 81.0, 100.0, 118.0, 152.0, 191.0, 192.0, 193.0, 194.0, 196.0, 213.0, 214.0, 216.0, 217.0, 223.0, 226.0, 227.0, 228.0, 229.0, 233.0, 234.0, 238.0, 251.0, 261.0, 262.0, 263.0, 264.0, 271.0, 272.0, 274.0, 275.0, 281.0, 287.0]"
134,142,"[134.0, 293.0]"
135,143,"[15.0, 40.0]"
136,144,"[94.0, 112.0, 134.0, 137.0, 145.0, 293.0, 294.0]"
137,145,"[49.0, 94.0, 104.0, 164.0, 172.0]"
138,146,"[15.0, 21.0, 28.0, 44.0, 48.0, 49.0, 69.0, 87.0, 94.0, 98.0, 104.0, 112.0, 115.0, 134.0, 148.0, 150.0, 164.0, 176.0, 240.0, 241.0, 242.0, 243.0, 244.0, 247.0, 255.0, 292.0, 293.0]"
139,147,"[40.0, 145.0, 236.0]"
140,148,"[23.0, 24.0, 157.0]"
141,149,"[2.0, 81.0, 105.0, 106.0, 108.0]"
142,150,"[68.0, 131.0, 290.0]"
143,151,"[6.0, 25.0, 39.0, 67.0, 176.0, 241.0, 290.0]"
144,152,"[40.0, 49.0, 67.0, 241.0, 290.0]"
145,153,"[6.0, 41.0, 67.0, 176.0, 241.0, 290.0]"
146,154,"[2.0, 105.0, 108.0, 264.0]"
147,155,"[30.0, 30.0, 131.0]"
148,158,"[102.0, 262.0, 269.0, 295.0]"
149,159,"[36.0, 127.0, 128.0, 146.0]"
150,160,"[72.0, 75.0, 82.0, 108.0, 110.0]"
151,161,"[77.0, 153.0]"
152,162,"[113.0, 179.0]"
153,163,"[1.0, 2.0, 7.0, 29.0, 32.0, 54.0, 60.0, 113.0, 179.0, 262.0, 264.0]"
154,164,"[1.0, 179.0, 232.0, 262.0]"
155,165,"[1.0, 2.0, 7.0, 13.0, 32.0, 54.0, 60.0, 66.0, 89.0, 113.0, 179.0, 262.0, 264.0]"
156,166,[30.0]
157,167,[24.0]
158,168,"[59.0, 116.0, 125.0]"
159,169,"[59.0, 149.0, 277.0]"
160,170,"[17.0, 21.0, 88.0, 129.0, 170.0, 262.0, 270.0]"
161,171,"[6.0, 7.0, 19.0, 37.0, 39.0, 59.0, 125.0, 265.0, 275.0]"
162,172,"[4.0, 9.0, 58.0, 60.0, 123.0, 156.0, 163.0, 165.0, 173.0, 179.0, 188.0, 201.0, 204.0, 246.0, 277.0, 284.0]"
163,173,"[27.0, 41.0, 304.0]"
164,174,"[44.0, 304.0]"
165,175,"[15.0, 19.0, 28.0, 38.0, 44.0, 64.0, 96.0, 262.0]"
166,176,"[71.0, 77.0, 138.0, 165.0, 235.0]"
167,177,"[36.0, 127.0, 128.0]"
168,178,[10.0]
169,179,"[1.0, 2.0, 7.0, 10.0, 16.0, 20.0, 32.0, 37.0, 54.0, 218.0, 264.0]"
170,180,"[16.0, 20.0, 82.0, 114.0, 116.0, 123.0, 173.0, 201.0, 218.0]"
171,181,"[84.0, 154.0]"
172,182,"[95.0, 213.0]"
173,183,"[12.0, 35.0, 57.0, 69.0, 115.0, 176.0, 214.0, 233.0, 241.0, 242.0, 243.0, 251.0]"
174,184,"[21.0, 28.0, 40.0, 41.0, 65.0, 66.0, 87.0, 111.0, 121.0, 137.0, 145.0, 164.0, 240.0, 294.0]"
175,185,"[13.0, 17.0, 58.0, 59.0, 88.0, 116.0, 129.0, 170.0, 173.0, 196.0, 205.0, 207.0, 250.0, 262.0, 270.0, 273.0, 284.0, 292.0]"
176,186,"[26.0, 29.0, 112.0, 160.0, 195.0, 259.0]"
177,187,"[1.0, 2.0, 16.0, 36.0, 37.0, 49.0, 66.0, 148.0, 173.0, 264.0, 275.0]"
178,188,"[23.0, 24.0, 36.0, 52.0, 81.0, 208.0, 230.0, 231.0, 234.0, 238.0, 272.0]"
179,189,"[52.0, 81.0, 159.0, 191.0, 193.0, 208.0, 223.0, 224.0, 225.0, 226.0, 227.0, 228.0, 229.0, 230.0, 231.0, 238.0, 272.0]"
180,190,"[46.0, 139.0]"
181,191,"[2.0, 6.0, 7.0, 11.0, 12.0, 13.0, 23.0, 24.0, 25.0, 27.0, 34.0, 37.0, 39.0, 40.0, 41.0, 45.0, 55.0, 57.0, 58.0, 67.0, 89.0, 91.0, 100.0, 118.0, 196.0, 213.0, 214.0, 216.0, 217.0, 233.0, 248.0, 251.0, 261.0, 262.0, 271.0, 272.0, 275.0, 281.0, 287.0, 290.0, 301.0, 303.0]"
182,192,"[26.0, 112.0, 127.0, 128.0, 160.0, 200.0]"
183,193,"[26.0, 112.0, 160.0, 200.0]"
184,194,[262.0]
185,195,"[1.0, 7.0, 11.0, 13.0, 239.0, 269.0]"
186,196,[71.0]
187,197,"[2.0, 7.0, 10.0, 18.0, 20.0, 29.0, 32.0, 54.0, 82.0, 113.0, 116.0, 123.0, 155.0, 158.0, 181.0, 218.0, 264.0]"
188,198,[103.0]
189,199,"[70.0, 117.0, 188.0, 206.0, 212.0, 282.0, 304.0, 306.0]"
190,200,"[52.0, 139.0, 208.0, 224.0, 225.0, 230.0, 231.0]"
191,201,"[33.0, 49.0, 72.0, 148.0]"
192,202,[20.0]
193,203,"[6.0, 25.0, 39.0, 118.0, 217.0]"
194,204,"[6.0, 12.0, 37.0, 57.0, 58.0, 99.0, 177.0, 196.0, 213.0, 214.0, 226.0, 227.0, 228.0, 229.0, 233.0, 251.0, 261.0, 261.0, 263.0, 303.0]"
195,205,"[15.0, 16.0, 21.0, 28.0, 43.0, 59.0, 132.0, 205.0, 215.0, 249.0, 258.0, 277.0, 292.0, 306.0]"
196,206,[4.0]
197,207,"[15.0, 240.0, 246.0, 291.0, 292.0]"
198,208,"[8.0, 30.0, 131.0, 133.0, 151.0]"
199,209,"[3.0, 24.0, 27.0, 41.0, 93.0, 101.0, 120.0, 159.0, 187.0, 202.0, 203.0]"
200,210,"[24.0, 36.0, 127.0]"
201,211,"[61.0, 202.0, 203.0]"
202,212,"[4.0, 5.0, 15.0, 19.0, 38.0, 41.0, 51.0, 59.0, 70.0, 96.0, 97.0, 116.0, 123.0, 125.0, 132.0, 146.0, 157.0, 188.0, 199.0, 240.0, 265.0, 291.0]"
203,213,"[33.0, 59.0, 69.0, 112.0, 116.0, 123.0, 132.0, 148.0, 176.0, 188.0, 198.0, 204.0, 208.0, 224.0, 225.0, 230.0, 231.0, 241.0, 242.0, 243.0, 244.0, 249.0, 250.0, 255.0, 277.0, 282.0, 292.0, 306.0]"
204,214,"[22.0, 49.0, 66.0, 70.0, 277.0, 282.0, 306.0]"
205,215,"[15.0, 28.0, 66.0, 113.0, 264.0, 277.0, 292.0, 306.0]"
206,216,[98.0]
207,217,"[71.0, 77.0, 153.0, 192.0]"
208,218,"[93.0, 98.0, 120.0, 130.0, 191.0]"
209,219,"[7.0, 37.0, 67.0, 248.0, 275.0]"
210,220,"[6.0, 12.0, 25.0, 34.0, 39.0, 45.0, 55.0, 100.0]"
211,221,"[1.0, 7.0, 13.0, 28.0, 57.0, 67.0, 88.0, 94.0, 104.0, 115.0, 239.0, 262.0, 264.0]"
212,222,[8.0]
213,223,"[71.0, 77.0, 153.0]"
214,224,"[13.0, 29.0, 138.0, 175.0, 262.0]"
215,225,"[5.0, 15.0, 59.0, 79.0, 96.0, 97.0, 123.0, 125.0, 136.0, 240.0]"
216,226,"[48.0, 94.0, 164.0, 235.0, 291.0, 292.0, 304.0]"
217,227,"[15.0, 19.0, 21.0, 28.0, 38.0, 41.0, 51.0, 52.0, 81.0, 87.0, 96.0, 113.0, 183.0, 238.0, 262.0, 277.0]"
218,228,[64.0]
219,229,"[101.0, 202.0]"
220,230,"[105.0, 201.0]"
221,231,"[10.0, 20.0, 30.0, 103.0]"
222,232,"[23.0, 24.0, 56.0]"
223,233,"[23.0, 24.0, 99.0, 271.0]"
224,234,[44.0]
225,235,[96.0]
226,236,"[2.0, 74.0, 78.0, 89.0, 105.0, 107.0, 264.0]"
227,237,[92.0]
228,238,"[138.0, 262.0]"
229,239,"[30.0, 41.0, 87.0, 94.0, 104.0, 121.0, 135.0, 137.0, 240.0, 246.0, 294.0]"
230,240,[106.0]
231,241,"[1.0, 2.0, 74.0, 113.0, 211.0, 264.0, 275.0]"
232,242,"[2.0, 108.0]"
233,244,"[6.0, 24.0, 37.0, 67.0, 93.0, 120.0, 238.0]"
234,245,[82.0]
235,246,"[15.0, 39.0, 48.0, 121.0, 170.0, 292.0]"
236,247,"[43.0, 292.0]"
237,248,"[86.0, 174.0]"
238,249,"[85.0, 86.0]"
239,250,"[3.0, 137.0, 294.0]"
240,251,"[15.0, 40.0, 41.0, 87.0, 94.0, 104.0, 134.0, 137.0, 145.0, 164.0, 165.0, 292.0, 293.0, 294.0]"
241,252,"[14.0, 29.0, 93.0, 98.0, 120.0, 130.0, 150.0, 172.0]"
242,253,"[9.0, 40.0, 64.0, 65.0]"
243,255,"[223.0, 226.0, 227.0, 228.0, 229.0]"
244,256,"[239.0, 262.0]"
245,257,"[9.0, 98.0, 155.0, 156.0]"
246,258,[98.0]
247,259,"[98.0, 113.0, 239.0, 262.0]"
248,260,"[138.0, 239.0, 262.0]"
249,261,"[239.0, 262.0]"
250,262,"[1.0, 98.0, 239.0]"
251,263,"[9.0, 18.0, 155.0, 156.0]"
252,264,[98.0]
253,265,"[1.0, 9.0, 13.0, 17.0, 66.0, 67.0, 93.0, 98.0, 113.0, 120.0, 156.0, 239.0, 262.0]"
254,266,"[13.0, 41.0, 44.0, 262.0]"
255,267,[105.0]
256,269,"[6.0, 25.0, 37.0, 39.0, 102.0]"
257,270,[102.0]
258,271,[56.0]
259,272,[99.0]
260,273,[56.0]
261,274,"[102.0, 244.0, 247.0, 255.0]"
262,275,[99.0]
263,276,[35.0]
264,277,"[19.0, 78.0, 282.0]"
265,278,"[46.0, 139.0]"
266,279,"[88.0, 269.0, 270.0]"
267,280,"[62.0, 121.0, 127.0, 209.0, 235.0]"
268,281,"[87.0, 122.0]"
269,282,"[16.0, 49.0]"
270,284,"[37.0, 233.0]"
271,285,"[37.0, 233.0]"
272,286,[146.0]
273,287,"[116.0, 128.0, 189.0]"
274,289,"[11.0, 287.0, 295.0]"
275,290,"[16.0, 37.0, 74.0, 105.0, 211.0, 264.0]"
276,291,"[2.0, 6.0, 7.0, 25.0, 32.0, 37.0, 39.0, 54.0, 57.0, 62.0, 67.0, 116.0, 191.0, 262.0, 275.0, 304.0]"
277,292,[30.0]
278,293,"[39.0, 56.0]"
279,294,"[3.0, 39.0, 263.0]"
280,295,[99.0]
281,296,[56.0]
282,297,[99.0]
283,298,"[47.0, 82.0, 83.0]"
284,300,[26.0]
285,302,"[6.0, 7.0, 12.0, 25.0, 36.0, 39.0, 42.0, 53.0, 55.0, 57.0, 58.0, 118.0, 176.0, 213.0, 214.0, 217.0, 233.0, 241.0, 242.0, 243.0, 244.0, 248.0, 251.0, 261.0, 275.0]"
286,303,"[79.0, 136.0, 239.0]"
287,304,"[31.0, 139.0, 274.0]"
288,305,[108.0]
289,306,"[1.0, 4.0, 66.0, 155.0, 156.0, 218.0, 264.0]"
290,307,"[1.0, 7.0, 9.0, 13.0, 18.0, 36.0, 66.0, 113.0, 155.0, 156.0, 218.0, 264.0, 275.0]"
291,308,"[1.0, 2.0, 9.0, 14.0, 20.0, 21.0, 29.0, 36.0, 37.0, 41.0, 66.0, 113.0, 218.0, 264.0]"
292,309,"[1.0, 2.0, 9.0, 13.0, 17.0, 36.0, 47.0, 51.0, 66.0, 93.0, 98.0, 113.0, 120.0, 181.0, 239.0, 254.0, 262.0, 264.0]"
293,310,"[9.0, 10.0, 20.0, 28.0, 113.0, 155.0, 156.0, 201.0, 205.0, 218.0, 262.0, 264.0]"
294,313,"[72.0, 76.0, 81.0, 108.0, 110.0, 238.0]"
295,314,[238.0]
296,315,"[78.0, 249.0, 250.0, 277.0, 282.0, 306.0]"
297,316,"[78.0, 304.0]"
298,317,"[20.0, 30.0, 103.0, 181.0]"
299,318,"[61.0, 158.0, 163.0, 202.0, 203.0]"
300,319,"[26.0, 41.0, 66.0, 112.0, 113.0, 160.0, 200.0]"
301,320,"[67.0, 68.0, 98.0]"
302,321,"[6.0, 12.0, 25.0, 34.0, 35.0, 39.0, 45.0, 53.0, 55.0, 57.0, 58.0, 100.0, 118.0, 177.0, 196.0, 217.0, 233.0, 237.0, 245.0]"
303,322,"[69.0, 94.0, 114.0, 172.0, 176.0, 241.0, 242.0, 243.0, 244.0, 247.0, 270.0]"
304,323,"[35.0, 100.0]"
305,324,"[35.0, 100.0]"
306,325,"[39.0, 56.0]"
307,326,[99.0]
308,327,"[29.0, 61.0, 133.0, 151.0, 158.0, 159.0, 172.0, 202.0]"
309,328,"[30.0, 151.0]"
310,329,"[21.0, 41.0, 64.0, 66.0, 67.0, 84.0, 113.0, 121.0, 134.0, 246.0, 291.0, 293.0]"
311,330,"[102.0, 112.0, 157.0, 165.0]"
312,331,"[40.0, 43.0, 304.0]"
313,332,"[24.0, 40.0, 157.0]"
314,334,"[43.0, 171.0]"
315,335,"[21.0, 28.0, 43.0, 88.0, 192.0, 235.0, 249.0]"
316,336,"[43.0, 81.0, 139.0, 192.0, 223.0, 226.0, 227.0, 228.0, 229.0, 238.0, 263.0]"
317,337,"[43.0, 94.0, 134.0, 135.0, 192.0, 223.0, 226.0, 227.0, 228.0, 229.0, 293.0]"
318,338,[86.0]
319,339,"[39.0, 40.0, 264.0, 287.0]"
320,340,"[8.0, 64.0, 163.0, 178.0]"
321,341,[9.0]
322,342,[78.0]
323,343,"[16.0, 82.0, 83.0, 218.0]"
324,344,"[23.0, 24.0, 40.0, 145.0]"
325,345,"[9.0, 10.0, 18.0, 81.0]"
326,346,[138.0]
327,347,"[30.0, 52.0, 60.0, 116.0, 149.0, 179.0, 277.0]"
328,348,[64.0]
329,349,"[1.0, 2.0, 45.0]"
330,350,"[6.0, 7.0, 37.0, 41.0, 45.0, 57.0, 67.0, 89.0, 104.0, 115.0, 177.0, 233.0, 241.0, 242.0, 243.0, 275.0]"
331,351,"[52.0, 75.0, 81.0, 82.0, 183.0, 238.0]"
332,352,"[61.0, 93.0, 120.0, 158.0, 159.0, 172.0, 194.0, 203.0]"
333,353,[74.0]
334,354,"[1.0, 9.0, 13.0, 239.0, 262.0, 264.0]"
335,356,"[37.0, 45.0, 57.0, 233.0]"
336,358,"[26.0, 190.0, 195.0]"
337,360,"[6.0, 25.0, 89.0]"
338,361,"[85.0, 86.0]"
339,362,"[66.0, 78.0, 113.0, 264.0]"
340,363,[114.0]
341,364,"[41.0, 64.0, 188.0, 304.0]"
342,365,"[21.0, 41.0, 44.0, 137.0, 165.0, 294.0, 304.0]"
343,367,"[44.0, 180.0, 199.0, 209.0, 258.0, 282.0, 291.0, 292.0, 304.0]"
344,368,"[28.0, 88.0, 189.0, 262.0]"
345,369,"[5.0, 69.0, 79.0, 88.0, 176.0, 262.0]"
346,370,[26.0]
347,371,"[69.0, 87.0, 114.0, 116.0, 121.0, 171.0]"
348,372,"[5.0, 15.0, 21.0, 28.0, 87.0, 94.0, 114.0, 121.0, 122.0, 164.0, 170.0, 235.0, 282.0, 292.0]"
349,373,"[16.0, 116.0, 171.0]"
350,374,[114.0]
351,375,"[15.0, 87.0, 116.0, 292.0]"
352,376,"[21.0, 28.0, 66.0, 116.0, 200.0, 292.0]"
353,377,"[15.0, 16.0, 19.0, 48.0, 58.0, 70.0, 116.0, 125.0, 132.0, 188.0, 196.0, 199.0, 201.0, 204.0, 205.0, 207.0, 246.0, 258.0, 284.0, 292.0]"
354,378,"[5.0, 15.0, 88.0, 170.0, 292.0]"
355,379,"[9.0, 71.0, 77.0, 153.0, 156.0, 157.0]"
356,381,"[101.0, 202.0]"
357,382,[89.0]
358,383,"[59.0, 73.0, 132.0]"
359,384,"[47.0, 116.0]"
360,386,"[31.0, 53.0]"
361,387,"[14.0, 17.0, 29.0, 41.0, 62.0, 84.0, 88.0, 93.0, 113.0, 116.0, 120.0, 135.0, 154.0, 162.0, 175.0, 236.0, 237.0, 262.0, 269.0, 270.0, 273.0]"
362,388,"[1.0, 2.0, 37.0, 85.0, 86.0, 127.0, 173.0, 264.0]"
363,389,[96.0]
364,391,"[28.0, 71.0, 77.0, 204.0]"
365,392,"[33.0, 72.0, 74.0, 250.0, 277.0]"
366,393,"[10.0, 18.0, 173.0]"
367,394,"[9.0, 10.0, 173.0, 218.0, 264.0]"
368,395,"[15.0, 21.0, 40.0, 41.0, 145.0, 165.0, 292.0]"
369,396,"[78.0, 139.0]"
370,398,[79.0]
371,399,"[9.0, 10.0, 18.0, 36.0, 127.0, 128.0, 264.0]"
372,400,"[77.0, 153.0]"
373,401,"[1.0, 2.0, 16.0, 20.0, 66.0, 74.0, 173.0, 181.0, 218.0, 264.0]"
374,402,"[51.0, 254.0]"
375,403,"[9.0, 174.0]"
376,404,"[131.0, 194.0, 239.0]"
377,405,[26.0]
378,406,"[32.0, 54.0, 147.0, 209.0]"
379,407,"[56.0, 57.0]"
380,408,[99.0]
381,409,"[21.0, 23.0, 24.0, 66.0, 113.0, 164.0]"
382,410,"[34.0, 91.0, 100.0, 233.0]"
383,411,"[1.0, 173.0]"
384,412,"[93.0, 98.0, 120.0, 130.0]"
385,413,"[14.0, 17.0, 47.0, 93.0, 94.0, 120.0, 130.0]"
386,414,"[6.0, 25.0, 39.0, 261.0]"
387,415,"[16.0, 136.0]"
388,416,"[77.0, 153.0]"
389,417,"[146.0, 176.0, 201.0, 241.0, 242.0, 243.0]"
390,418,"[56.0, 57.0]"
391,419,"[57.0, 99.0, 284.0]"
392,420,"[45.0, 248.0]"
393,421,[30.0]
394,422,[30.0]
395,423,[30.0]
396,424,"[8.0, 14.0, 29.0, 64.0, 114.0, 116.0, 123.0, 131.0, 163.0, 180.0, 198.0, 235.0]"
397,425,"[52.0, 81.0, 110.0, 206.0, 208.0, 223.0, 224.0, 225.0, 226.0, 227.0, 228.0, 229.0, 230.0, 231.0, 281.0]"
398,426,"[1.0, 2.0, 6.0, 7.0, 11.0, 13.0, 25.0, 37.0, 39.0, 53.0, 57.0, 67.0, 261.0, 262.0, 275.0, 290.0, 301.0, 303.0]"
399,427,"[53.0, 55.0, 58.0, 233.0, 261.0, 301.0, 303.0]"
400,428,[69.0]
401,429,[56.0]
402,430,[99.0]
403,431,"[68.0, 238.0, 272.0, 287.0]"
404,432,[3.0]
405,433,"[60.0, 149.0, 204.0]"
406,434,"[111.0, 235.0]"
407,436,"[8.0, 163.0]"
408,437,"[93.0, 120.0, 130.0, 159.0, 172.0, 187.0]"
409,439,"[3.0, 88.0, 138.0, 154.0, 175.0, 178.0]"
410,440,"[7.0, 17.0, 41.0, 47.0, 88.0, 123.0, 154.0, 170.0, 178.0, 239.0, 262.0]"
411,441,"[25.0, 29.0, 41.0, 52.0, 53.0, 57.0, 81.0, 87.0, 88.0, 116.0, 133.0, 134.0, 135.0, 206.0, 237.0, 238.0, 240.0, 262.0, 292.0, 293.0]"
412,442,"[29.0, 30.0, 41.0, 53.0, 69.0, 81.0, 116.0, 133.0, 134.0, 135.0, 176.0, 237.0, 240.0, 241.0, 242.0, 243.0, 247.0, 248.0, 255.0, 293.0]"
413,443,"[11.0, 14.0, 24.0, 39.0, 81.0, 213.0, 234.0, 238.0, 261.0, 303.0]"
414,444,"[38.0, 96.0]"
415,445,"[4.0, 5.0, 7.0, 15.0, 19.0, 21.0, 38.0, 41.0, 51.0, 66.0, 123.0, 254.0, 265.0]"
416,446,"[9.0, 20.0, 36.0, 114.0, 123.0, 132.0, 173.0, 181.0, 232.0]"
417,447,"[14.0, 29.0, 30.0, 179.0, 201.0]"
418,448,"[15.0, 43.0, 292.0]"
419,449,"[34.0, 39.0]"
420,450,"[9.0, 10.0, 18.0, 155.0, 156.0, 264.0]"
421,451,"[59.0, 116.0, 125.0, 132.0, 199.0, 201.0, 203.0, 204.0, 205.0, 211.0, 282.0]"
422,452,"[4.0, 15.0, 96.0, 136.0, 240.0]"
423,453,"[11.0, 29.0, 81.0, 238.0, 262.0, 287.0, 295.0]"
424,454,"[22.0, 27.0, 64.0]"
425,455,"[8.0, 29.0, 133.0, 151.0]"
426,456,[18.0]
427,458,"[98.0, 138.0, 239.0]"
428,461,"[21.0, 23.0, 111.0, 157.0, 164.0]"
429,462,"[14.0, 15.0, 21.0, 29.0, 36.0, 41.0, 59.0, 67.0, 87.0, 94.0, 104.0, 121.0, 127.0, 128.0, 135.0, 137.0, 151.0, 240.0, 290.0, 292.0, 294.0]"
430,463,"[55.0, 57.0]"
431,464,"[15.0, 19.0, 105.0, 109.0, 110.0, 180.0, 199.0, 209.0, 235.0, 258.0]"
432,466,"[11.0, 57.0, 238.0, 287.0]"
433,467,[73.0]
434,468,"[28.0, 112.0]"
435,469,"[21.0, 26.0, 41.0, 51.0, 66.0, 67.0, 94.0, 111.0, 112.0, 113.0, 187.0, 197.0, 200.0, 244.0, 304.0]"
436,470,"[2.0, 107.0, 275.0]"
437,471,"[13.0, 88.0, 189.0, 262.0]"
438,472,[74.0]
439,473,"[78.0, 107.0]"
440,474,"[14.0, 24.0, 29.0, 93.0, 120.0, 131.0, 133.0, 135.0, 172.0]"
441,475,"[50.0, 208.0, 223.0, 224.0, 225.0, 226.0, 227.0, 228.0, 229.0, 230.0, 231.0]"
442,476,[111.0]
443,477,[114.0]
444,478,[56.0]
445,479,[99.0]
446,480,"[102.0, 159.0, 187.0]"
447,482,"[2.0, 78.0]"
448,483,"[7.0, 15.0, 21.0, 49.0, 57.0, 69.0, 87.0, 94.0, 104.0, 112.0, 114.0, 116.0, 121.0, 148.0, 164.0, 171.0, 176.0, 188.0, 197.0, 241.0, 242.0, 243.0, 244.0]"
449,484,"[8.0, 85.0, 86.0, 187.0]"
450,485,[79.0]
451,486,[79.0]
452,488,"[94.0, 98.0, 114.0, 255.0, 270.0]"
453,490,[75.0]
454,491,"[8.0, 163.0]"
455,492,"[6.0, 7.0, 13.0, 21.0, 32.0, 54.0, 66.0, 67.0, 73.0, 88.0, 89.0, 113.0, 116.0, 170.0, 187.0, 189.0, 205.0, 262.0, 264.0]"
456,493,"[138.0, 207.0, 239.0, 262.0]"
457,494,[62.0]
458,495,"[62.0, 237.0]"
459,497,[63.0]
460,498,[63.0]
461,499,[63.0]
462,500,[63.0]
463,501,"[51.0, 59.0, 254.0]"
464,502,"[4.0, 5.0, 15.0, 19.0, 28.0, 51.0, 96.0]"
465,503,"[71.0, 77.0, 153.0, 170.0, 204.0]"
466,504,[64.0]
467,505,"[41.0, 65.0, 236.0]"
468,506,"[24.0, 64.0, 84.0, 90.0, 162.0, 236.0, 257.0]"
469,507,[64.0]
470,508,[22.0]
471,509,"[67.0, 102.0, 157.0, 290.0]"
472,510,"[12.0, 39.0, 45.0, 57.0, 58.0, 62.0, 89.0, 191.0, 192.0, 193.0, 196.0, 205.0, 213.0, 214.0, 223.0, 226.0, 227.0, 228.0, 229.0, 233.0, 251.0]"
473,511,"[33.0, 72.0, 75.0, 82.0, 108.0, 264.0]"
474,512,"[133.0, 138.0, 151.0]"
475,513,"[1.0, 2.0, 7.0, 14.0, 29.0, 32.0, 33.0, 37.0, 49.0, 54.0, 66.0, 72.0, 85.0, 113.0, 147.0, 250.0, 264.0, 275.0, 277.0]"
476,514,"[49.0, 72.0]"
477,515,[92.0]
478,516,[105.0]
479,517,[30.0]
480,519,[261.0]
481,520,"[5.0, 15.0, 19.0, 79.0]"
482,522,[30.0]
483,523,[22.0]
484,524,"[26.0, 112.0, 197.0, 200.0]"
485,525,"[36.0, 61.0, 93.0, 120.0, 202.0, 203.0]"
486,526,"[61.0, 158.0]"
487,527,"[22.0, 26.0, 112.0, 195.0, 200.0, 259.0]"
488,528,"[22.0, 41.0, 112.0, 255.0]"
489,529,"[22.0, 112.0, 200.0, 255.0]"
490,530,"[85.0, 86.0]"
491,531,"[61.0, 68.0, 93.0, 94.0, 98.0, 120.0, 126.0, 130.0, 158.0, 159.0, 203.0]"
492,532,"[6.0, 7.0, 25.0, 37.0, 39.0, 45.0, 53.0, 55.0, 57.0, 58.0, 67.0, 118.0, 177.0, 233.0, 237.0, 242.0, 243.0, 275.0]"
493,533,"[45.0, 55.0]"
494,534,"[7.0, 53.0, 57.0, 180.0, 248.0, 251.0]"
495,535,"[23.0, 24.0, 41.0, 111.0, 216.0, 238.0, 271.0, 274.0]"
496,536,"[14.0, 21.0, 23.0, 24.0, 29.0, 36.0, 41.0, 93.0, 111.0, 120.0, 127.0, 128.0, 135.0, 164.0, 247.0, 271.0]"
497,537,[111.0]
498,538,"[106.0, 173.0, 212.0]"
499,539,"[1.0, 2.0, 7.0, 11.0, 37.0, 74.0, 105.0, 264.0, 275.0]"
500,540,"[2.0, 74.0]"
501,541,"[73.0, 87.0, 116.0]"
502,542,"[47.0, 53.0, 58.0, 62.0, 118.0, 171.0, 183.0, 196.0, 217.0, 233.0, 237.0]"
503,543,[295.0]
504,544,"[89.0, 255.0]"
505,545,"[1.0, 7.0, 19.0, 116.0, 123.0, 173.0, 179.0, 209.0, 212.0, 264.0, 306.0]"
506,546,"[1.0, 4.0, 7.0, 29.0, 66.0, 73.0, 113.0, 205.0, 262.0, 264.0, 275.0]"
507,547,"[1.0, 2.0, 7.0, 20.0, 123.0, 232.0, 306.0]"
508,548,"[5.0, 15.0, 19.0, 21.0, 66.0, 79.0, 88.0, 121.0, 136.0, 209.0, 262.0, 304.0]"
509,549,"[16.0, 66.0, 173.0]"
510,550,"[31.0, 113.0, 201.0, 235.0, 236.0, 264.0]"
511,551,"[94.0, 104.0, 121.0, 122.0, 150.0, 172.0, 240.0, 246.0]"
512,552,"[34.0, 39.0, 100.0]"
513,553,"[23.0, 27.0, 187.0]"
514,554,[55.0]
515,555,[55.0]
516,557,"[2.0, 7.0, 14.0, 29.0, 37.0, 74.0, 105.0, 108.0, 211.0, 264.0, 275.0]"
517,558,"[76.0, 281.0]"
518,560,"[65.0, 236.0, 238.0]"
519,561,"[13.0, 17.0, 29.0, 73.0, 88.0, 116.0, 138.0, 173.0, 239.0, 262.0, 264.0]"
520,562,"[24.0, 101.0, 163.0, 202.0, 203.0]"
521,563,"[26.0, 195.0]"
522,564,[115.0]
523,565,"[6.0, 7.0, 25.0, 35.0, 39.0, 57.0, 67.0, 69.0, 100.0, 114.0, 121.0, 122.0, 176.0, 233.0, 241.0, 242.0, 243.0, 275.0]"
524,566,"[6.0, 12.0, 39.0, 57.0, 176.0, 238.0, 241.0, 242.0, 243.0, 251.0, 263.0]"
525,567,[14.0]
526,568,"[3.0, 93.0, 98.0, 120.0, 130.0, 172.0]"
527,569,"[5.0, 15.0, 19.0, 51.0, 79.0, 136.0]"
528,570,"[77.0, 153.0, 172.0]"
529,571,[68.0]
530,572,"[14.0, 17.0, 23.0, 24.0, 29.0, 36.0, 41.0, 88.0, 93.0, 98.0, 113.0, 120.0, 135.0, 236.0]"
531,573,"[44.0, 180.0, 209.0, 304.0]"
532,574,"[4.0, 5.0, 15.0, 19.0, 136.0]"
533,575,[257.0]
534,576,"[22.0, 112.0, 199.0, 295.0]"
535,577,"[52.0, 81.0, 139.0, 208.0, 223.0, 224.0, 225.0, 226.0, 227.0, 228.0, 229.0, 230.0, 231.0, 238.0]"
536,578,"[2.0, 107.0, 275.0]"
537,579,[107.0]
538,580,[30.0]
539,581,"[35.0, 42.0]"
540,582,[35.0]
541,583,"[88.0, 239.0, 262.0, 269.0, 273.0]"
542,584,"[7.0, 32.0, 54.0, 239.0, 262.0, 269.0]"
543,585,"[1.0, 7.0, 11.0, 13.0, 14.0, 17.0, 21.0, 29.0, 32.0, 54.0, 66.0, 88.0, 113.0, 114.0, 116.0, 127.0, 138.0, 154.0, 170.0, 175.0, 178.0, 239.0, 262.0, 269.0, 270.0, 273.0, 275.0, 292.0]"
544,586,"[13.0, 88.0, 239.0, 262.0, 269.0, 270.0]"
545,587,"[87.0, 116.0]"
546,588,[114.0]
547,589,"[1.0, 32.0, 37.0, 54.0, 304.0]"
548,590,"[70.0, 105.0, 199.0, 206.0, 211.0, 212.0, 284.0, 306.0]"
549,591,[170.0]
550,592,"[66.0, 70.0, 113.0]"
551,593,"[21.0, 40.0, 41.0, 113.0, 145.0, 146.0]"
552,594,"[17.0, 47.0, 236.0]"
553,595,"[5.0, 15.0, 19.0, 38.0, 51.0, 79.0, 265.0]"
554,596,[41.0]
555,597,"[21.0, 28.0]"
556,599,"[7.0, 16.0, 49.0, 66.0, 189.0, 199.0, 201.0, 205.0, 208.0, 224.0, 225.0, 230.0, 231.0, 235.0, 282.0, 295.0]"
557,600,"[2.0, 7.0, 15.0, 21.0, 41.0, 70.0, 282.0]"
558,601,"[4.0, 5.0, 15.0, 19.0, 21.0, 38.0, 66.0, 96.0, 113.0, 121.0, 275.0]"
559,602,[65.0]
560,603,"[76.0, 281.0]"
561,604,[79.0]
562,605,[79.0]
563,606,"[139.0, 179.0, 208.0, 224.0, 225.0, 230.0, 231.0, 232.0]"
564,607,[74.0]
565,608,"[13.0, 239.0, 262.0]"
566,609,"[33.0, 147.0, 148.0]"
567,611,"[33.0, 148.0, 277.0]"
568,612,[82.0]
569,613,"[53.0, 55.0, 58.0, 118.0, 177.0, 196.0, 217.0, 233.0, 237.0, 245.0, 261.0]"
570,614,[79.0]
571,615,[79.0]
572,616,"[88.0, 170.0, 262.0, 270.0, 273.0]"
573,617,"[7.0, 13.0, 21.0, 88.0, 170.0, 175.0, 178.0, 205.0, 239.0, 262.0, 269.0, 270.0]"
574,618,"[13.0, 88.0, 170.0]"
575,619,[262.0]
576,620,"[101.0, 202.0]"
577,621,[35.0]
578,622,[80.0]
579,623,"[80.0, 219.0]"
580,624,[80.0]
581,625,[80.0]
582,626,"[41.0, 80.0]"
583,627,"[34.0, 80.0]"
584,628,"[80.0, 196.0, 222.0]"
585,629,"[80.0, 220.0]"
586,630,[80.0]
587,631,"[80.0, 221.0]"
588,632,[80.0]
589,633,[80.0]
590,634,[80.0]
591,635,[80.0]
592,636,"[80.0, 100.0]"
593,637,"[1.0, 2.0, 7.0, 14.0, 29.0, 32.0, 33.0, 37.0, 49.0, 54.0, 72.0, 113.0, 147.0, 264.0, 275.0]"
594,638,"[104.0, 112.0]"
595,639,"[6.0, 25.0]"
596,640,"[77.0, 153.0]"
597,641,"[112.0, 137.0, 294.0]"
598,642,"[23.0, 24.0, 134.0, 247.0, 255.0, 293.0]"
599,643,"[82.0, 83.0, 238.0, 275.0]"
600,644,"[16.0, 20.0, 82.0, 83.0]"
601,645,"[82.0, 83.0]"
602,646,"[16.0, 82.0, 83.0]"
603,647,"[16.0, 82.0, 238.0]"
604,649,"[61.0, 158.0]"
605,650,"[44.0, 277.0]"
606,651,"[44.0, 304.0]"
607,652,"[8.0, 21.0, 52.0, 58.0, 59.0, 116.0, 171.0, 173.0, 196.0, 204.0, 250.0, 284.0, 292.0]"
608,653,"[16.0, 21.0, 44.0, 52.0, 58.0, 59.0, 87.0, 88.0, 113.0, 114.0, 116.0, 125.0, 171.0, 188.0, 201.0, 208.0, 224.0, 225.0, 230.0, 231.0, 284.0, 292.0]"
609,654,"[32.0, 54.0, 147.0, 277.0]"
610,655,"[32.0, 54.0, 147.0]"
611,656,"[32.0, 54.0, 147.0]"
612,657,"[15.0, 17.0, 87.0, 170.0, 292.0]"
613,658,"[51.0, 57.0, 121.0, 254.0, 291.0]"
614,659,"[32.0, 54.0]"
615,660,"[3.0, 67.0, 98.0, 130.0, 172.0]"
616,661,"[43.0, 57.0, 62.0, 114.0]"
617,662,"[6.0, 7.0, 25.0, 39.0, 53.0, 57.0, 58.0, 116.0, 118.0, 196.0, 217.0, 233.0, 237.0]"
618,663,[64.0]
619,664,"[84.0, 162.0]"
620,665,"[7.0, 32.0, 54.0, 262.0, 269.0, 275.0]"
621,666,"[30.0, 133.0, 151.0]"
622,667,"[6.0, 7.0, 25.0, 67.0, 89.0, 301.0]"
623,668,"[20.0, 30.0, 103.0]"
624,669,"[77.0, 153.0]"
625,670,"[10.0, 20.0, 103.0, 181.0]"
626,671,"[30.0, 270.0, 273.0]"
627,672,"[40.0, 41.0, 56.0]"
628,673,[99.0]
629,674,"[14.0, 93.0, 120.0, 133.0, 151.0]"
630,675,"[10.0, 30.0, 131.0, 139.0]"
631,676,"[5.0, 15.0, 19.0, 38.0, 51.0, 79.0, 96.0, 146.0, 265.0, 291.0]"
632,677,"[4.0, 5.0, 15.0, 19.0, 38.0, 51.0, 79.0, 97.0, 121.0, 146.0, 240.0]"
633,678,"[7.0, 37.0, 45.0, 55.0, 57.0, 233.0, 242.0, 243.0, 275.0]"
634,679,"[60.0, 149.0, 179.0]"
635,680,"[7.0, 275.0]"
636,681,"[50.0, 252.0]"
637,682,"[85.0, 86.0]"
638,683,[79.0]
639,684,"[6.0, 24.0, 52.0, 81.0, 238.0, 263.0, 272.0, 287.0]"
640,685,[74.0]
641,686,[79.0]
642,687,"[21.0, 28.0, 29.0, 36.0, 66.0, 88.0, 128.0, 175.0, 204.0, 205.0, 240.0, 291.0, 292.0]"
643,688,[64.0]
644,689,"[6.0, 25.0, 37.0, 53.0, 57.0, 58.0, 118.0, 177.0, 196.0, 213.0, 217.0, 233.0, 245.0, 248.0]"
645,690,"[45.0, 128.0]"
646,691,[55.0]
647,692,"[133.0, 292.0]"
648,693,"[44.0, 121.0]"
649,694,"[36.0, 133.0]"
650,696,"[2.0, 52.0, 72.0, 75.0, 108.0, 281.0]"
651,697,"[10.0, 20.0, 30.0, 103.0, 181.0]"
652,698,"[1.0, 7.0, 11.0, 13.0, 27.0, 32.0, 37.0, 39.0, 52.0, 54.0, 67.0, 81.0, 152.0, 187.0, 191.0, 208.0, 223.0, 224.0, 225.0, 226.0, 227.0, 228.0, 229.0, 230.0, 231.0, 234.0, 238.0, 239.0, 244.0, 262.0]"
653,699,"[170.0, 170.0, 292.0]"
654,700,"[6.0, 89.0, 241.0]"
655,701,[27.0]
656,702,[87.0]
657,703,"[6.0, 7.0, 11.0, 57.0, 147.0, 201.0, 239.0, 262.0, 275.0]"
658,704,"[14.0, 17.0, 21.0, 23.0, 24.0, 26.0, 27.0, 29.0, 41.0, 64.0, 84.0, 88.0, 90.0, 93.0, 120.0, 135.0, 154.0, 187.0, 236.0, 257.0, 271.0]"
659,706,"[53.0, 81.0, 110.0, 114.0, 116.0, 159.0, 237.0, 258.0]"
660,707,"[3.0, 174.0, 190.0, 191.0, 192.0, 193.0, 272.0]"
661,708,[56.0]
662,709,[99.0]
663,710,"[40.0, 84.0, 137.0, 145.0, 294.0]"
664,711,"[45.0, 248.0]"
665,712,"[9.0, 18.0, 155.0]"
666,714,"[30.0, 133.0, 190.0]"
667,715,"[21.0, 28.0, 88.0, 130.0]"
668,716,"[17.0, 47.0, 211.0]"
669,717,[136.0]
670,718,[86.0]
671,719,"[50.0, 52.0, 81.0, 208.0, 223.0, 224.0, 225.0, 226.0, 227.0, 228.0, 229.0, 230.0, 231.0, 238.0, 263.0]"
672,720,"[3.0, 7.0, 67.0]"
673,721,"[49.0, 67.0, 148.0, 188.0, 275.0]"
674,722,"[1.0, 262.0]"
675,723,"[7.0, 176.0, 177.0, 241.0, 242.0, 243.0, 275.0]"
676,724,"[35.0, 58.0, 118.0, 196.0, 217.0, 233.0, 248.0, 261.0, 290.0, 301.0, 303.0]"
677,725,"[90.0, 174.0, 194.0, 238.0]"
678,726,[282.0]
679,727,"[70.0, 282.0]"
680,728,"[139.0, 152.0, 183.0, 194.0, 195.0, 223.0, 226.0, 227.0, 228.0, 229.0]"
681,729,"[6.0, 7.0, 12.0, 13.0, 25.0, 32.0, 37.0, 39.0, 45.0, 54.0, 55.0, 57.0, 58.0, 67.0, 89.0, 234.0, 262.0, 275.0, 301.0, 303.0]"
682,730,"[36.0, 127.0, 281.0]"
683,731,"[93.0, 120.0, 135.0, 172.0]"
684,732,"[5.0, 13.0, 15.0, 19.0, 21.0, 41.0, 51.0, 70.0, 88.0, 96.0, 116.0, 136.0, 188.0, 199.0, 211.0, 235.0, 262.0, 265.0]"
685,733,[304.0]
686,734,[49.0]
687,735,"[40.0, 134.0, 137.0, 145.0, 165.0, 293.0, 294.0]"
688,736,"[15.0, 36.0, 40.0, 41.0, 87.0, 94.0, 104.0, 128.0, 134.0, 137.0, 144.0, 145.0, 145.0, 164.0, 165.0, 240.0, 292.0, 293.0, 294.0]"
689,737,"[19.0, 121.0]"
690,738,"[34.0, 100.0]"
691,739,[79.0]
692,740,"[6.0, 25.0, 261.0]"
693,741,"[52.0, 139.0, 174.0, 208.0, 223.0, 224.0, 225.0, 226.0, 227.0, 227.0, 228.0, 229.0, 230.0, 231.0]"
694,742,"[46.0, 139.0]"
695,743,"[22.0, 131.0, 133.0, 151.0, 240.0, 246.0]"
696,744,"[98.0, 206.0]"
697,746,[95.0]
698,747,"[35.0, 42.0, 243.0]"
699,748,"[22.0, 26.0, 27.0, 41.0, 112.0]"
700,749,"[38.0, 121.0]"
701,750,"[24.0, 27.0, 41.0, 187.0]"
702,751,"[6.0, 34.0, 35.0, 39.0, 53.0, 57.0, 100.0, 177.0, 237.0, 245.0, 261.0, 301.0, 303.0]"
703,752,"[6.0, 25.0, 34.0, 39.0, 100.0, 226.0, 227.0, 261.0, 303.0]"
704,753,"[239.0, 270.0]"
705,754,"[85.0, 86.0]"
706,755,"[85.0, 86.0, 127.0, 128.0]"
707,756,"[22.0, 112.0]"
708,757,"[7.0, 69.0, 176.0, 241.0]"
709,758,"[9.0, 64.0, 155.0, 156.0]"
710,759,[68.0]
711,760,[67.0]
712,761,[104.0]
713,762,"[137.0, 294.0]"
714,763,"[52.0, 81.0, 206.0, 225.0, 226.0, 227.0, 228.0, 229.0, 230.0, 231.0, 238.0, 258.0, 263.0]"
715,764,[56.0]
716,765,"[99.0, 100.0]"
717,766,"[98.0, 172.0, 238.0]"
718,767,"[98.0, 172.0]"
719,768,"[9.0, 14.0, 17.0, 24.0, 29.0, 41.0, 47.0, 88.0, 93.0, 113.0, 120.0, 172.0, 178.0, 257.0]"
720,770,[61.0]
721,771,"[36.0, 67.0, 171.0, 290.0]"
722,772,"[78.0, 304.0]"
723,773,"[29.0, 62.0, 133.0, 151.0, 205.0]"
724,774,"[26.0, 131.0]"
725,775,"[21.0, 28.0, 94.0, 104.0, 112.0, 115.0, 164.0, 197.0, 240.0, 247.0]"
726,776,"[7.0, 69.0, 176.0, 241.0, 242.0, 243.0]"
727,777,"[61.0, 110.0, 194.0, 195.0, 306.0]"
728,778,"[69.0, 176.0, 219.0, 220.0, 221.0, 222.0, 241.0, 242.0, 243.0]"
729,780,[62.0]
730,781,"[2.0, 75.0, 108.0, 264.0]"
731,782,"[27.0, 41.0, 187.0, 244.0]"
732,783,"[17.0, 30.0, 116.0, 132.0, 235.0]"
733,784,[74.0]
734,785,"[23.0, 24.0, 271.0, 274.0]"
735,786,"[17.0, 20.0, 30.0, 133.0, 137.0, 151.0, 154.0, 294.0]"
736,788,"[2.0, 10.0, 20.0, 29.0, 32.0, 54.0, 66.0, 82.0, 113.0, 116.0, 123.0, 218.0, 232.0, 264.0]"
737,789,"[1.0, 6.0, 7.0, 13.0, 21.0, 66.0, 67.0, 88.0, 89.0, 116.0, 187.0, 235.0, 239.0]"
738,790,"[13.0, 14.0, 17.0, 21.0, 24.0, 29.0, 36.0, 41.0, 84.0, 88.0, 93.0, 120.0, 127.0, 162.0, 175.0, 236.0, 257.0, 262.0, 264.0]"
739,791,[75.0]
740,792,"[33.0, 37.0, 72.0, 75.0]"
741,793,"[1.0, 2.0, 7.0, 11.0, 14.0, 29.0, 32.0, 33.0, 36.0, 37.0, 49.0, 54.0, 66.0, 72.0, 108.0, 113.0, 127.0, 128.0, 147.0, 250.0, 264.0, 275.0, 277.0]"
742,794,[33.0]
743,795,"[2.0, 37.0, 173.0, 275.0]"
744,796,"[50.0, 52.0, 81.0, 193.0, 238.0, 272.0]"
745,797,"[106.0, 108.0]"
746,798,[107.0]
747,799,"[26.0, 112.0, 160.0, 200.0]"
748,800,"[14.0, 29.0]"
749,801,"[106.0, 108.0]"
750,802,[105.0]
751,803,"[105.0, 108.0]"
752,805,"[2.0, 7.0, 52.0, 72.0, 81.0, 108.0, 110.0, 238.0, 264.0]"
753,807,"[85.0, 86.0]"
754,808,[304.0]
755,809,"[171.0, 213.0, 214.0, 233.0]"
756,810,"[29.0, 41.0, 44.0, 57.0, 58.0, 81.0, 116.0, 123.0, 180.0, 196.0, 213.0, 214.0, 233.0]"
757,811,"[13.0, 21.0, 28.0]"
758,812,"[67.0, 104.0, 111.0, 134.0, 145.0, 164.0, 293.0]"
759,813,"[7.0, 275.0]"
760,814,"[28.0, 111.0, 112.0]"
761,815,"[111.0, 164.0, 255.0]"
762,816,"[21.0, 40.0, 66.0, 113.0]"
763,817,[108.0]
764,818,"[21.0, 24.0, 111.0]"
765,819,[30.0]
766,820,[92.0]
767,821,[30.0]
768,822,"[17.0, 20.0, 21.0, 24.0, 29.0, 31.0, 36.0, 41.0, 66.0, 81.0, 88.0, 93.0, 113.0, 120.0, 135.0, 236.0]"
769,823,[81.0]
770,824,[47.0]
771,825,[47.0]
772,826,[18.0]
773,827,"[105.0, 106.0, 238.0]"
774,828,[8.0]
775,829,"[9.0, 71.0, 77.0, 105.0, 147.0, 153.0, 160.0, 178.0]"
776,830,"[8.0, 10.0, 18.0, 64.0, 155.0, 156.0, 163.0]"
777,832,"[64.0, 84.0, 138.0, 178.0]"
778,833,"[30.0, 69.0, 87.0, 114.0, 116.0, 134.0, 135.0, 137.0, 151.0, 176.0, 240.0, 241.0, 242.0, 243.0, 293.0, 294.0]"
779,834,"[6.0, 13.0, 41.0, 67.0, 290.0]"
780,835,"[44.0, 304.0]"
781,836,"[17.0, 154.0, 269.0, 270.0, 273.0]"
782,837,"[77.0, 153.0]"
783,838,"[21.0, 28.0, 262.0]"
784,841,"[30.0, 155.0, 156.0]"
785,842,[98.0]
786,848,"[15.0, 21.0, 28.0, 41.0, 87.0, 121.0, 122.0, 197.0, 240.0, 292.0]"
787,849,"[3.0, 7.0, 82.0, 83.0, 238.0, 275.0]"
788,851,"[121.0, 122.0]"
789,852,"[7.0, 11.0, 29.0, 52.0, 68.0, 88.0, 116.0, 123.0, 125.0, 131.0, 180.0, 198.0, 208.0, 224.0, 225.0, 230.0, 231.0, 234.0, 275.0]"
790,853,[55.0]
791,854,"[64.0, 84.0, 162.0]"
792,855,"[129.0, 154.0, 170.0, 175.0]"
793,856,"[52.0, 125.0, 131.0, 180.0, 208.0, 224.0, 225.0, 230.0, 231.0, 264.0]"
794,857,"[132.0, 136.0, 146.0]"
795,858,"[27.0, 53.0, 62.0, 114.0, 125.0, 237.0, 301.0]"
796,859,"[62.0, 84.0, 135.0, 154.0, 162.0, 175.0]"
797,860,"[81.0, 133.0]"
798,861,"[87.0, 137.0]"
799,862,"[6.0, 67.0, 69.0, 115.0, 176.0, 241.0, 290.0, 303.0]"
800,863,"[39.0, 176.0, 290.0]"
801,864,"[104.0, 148.0]"
802,865,"[67.0, 89.0, 115.0, 176.0, 234.0, 241.0, 301.0]"
803,866,"[115.0, 134.0, 137.0, 293.0, 294.0]"
804,867,"[21.0, 28.0, 94.0, 112.0, 115.0]"
805,868,"[15.0, 41.0, 104.0, 115.0, 134.0, 137.0, 292.0, 293.0, 294.0]"
806,869,"[111.0, 115.0, 134.0, 137.0, 292.0, 293.0, 294.0]"
807,870,"[15.0, 41.0, 49.0, 112.0, 128.0, 134.0, 137.0, 246.0, 292.0, 293.0, 294.0]"
808,872,"[67.0, 115.0]"
809,873,"[41.0, 87.0, 112.0, 115.0, 134.0, 134.0, 137.0, 165.0, 255.0, 292.0, 293.0, 294.0]"
810,874,"[21.0, 22.0, 41.0, 112.0, 137.0, 240.0, 292.0, 294.0, 304.0]"
811,875,"[2.0, 20.0, 21.0, 29.0, 61.0, 87.0, 123.0, 123.0, 131.0, 151.0, 180.0, 201.0, 240.0, 246.0, 264.0]"
812,876,"[29.0, 81.0, 88.0, 123.0, 180.0, 189.0, 262.0]"
813,877,"[24.0, 52.0, 81.0, 191.0, 238.0, 272.0]"
814,878,"[5.0, 15.0, 19.0, 51.0, 96.0, 136.0, 146.0]"
815,879,"[26.0, 160.0, 259.0]"
816,881,"[61.0, 101.0, 187.0, 254.0]"
817,882,"[39.0, 152.0, 183.0, 191.0, 193.0, 223.0, 226.0, 227.0, 228.0, 229.0]"
818,883,"[81.0, 151.0, 164.0, 183.0, 190.0, 208.0, 223.0, 224.0, 225.0, 226.0, 227.0, 228.0, 229.0, 230.0, 231.0]"
819,884,"[81.0, 263.0]"
820,885,"[36.0, 130.0, 154.0, 170.0, 175.0]"
821,887,[146.0]
822,890,"[39.0, 52.0, 81.0, 191.0, 206.0, 208.0, 223.0, 224.0, 225.0, 226.0, 227.0, 228.0, 229.0, 230.0, 231.0, 237.0, 238.0, 258.0]"
823,891,[136.0]
824,892,"[3.0, 95.0]"
825,893,"[3.0, 50.0, 81.0, 95.0, 131.0, 190.0, 238.0, 263.0]"
826,894,[146.0]
827,895,"[60.0, 123.0, 149.0, 179.0, 207.0]"
828,896,"[36.0, 81.0, 152.0, 183.0, 190.0, 194.0, 238.0, 263.0]"
829,897,"[129.0, 130.0, 150.0, 270.0]"
830,898,"[81.0, 149.0]"
831,899,[272.0]
832,900,"[52.0, 81.0, 139.0, 238.0]"
833,901,"[81.0, 139.0, 208.0, 223.0, 224.0, 225.0, 226.0, 227.0, 227.0, 228.0, 229.0, 230.0, 231.0, 234.0, 238.0]"
834,902,"[52.0, 139.0]"
835,903,"[149.0, 164.0, 179.0, 240.0]"
836,904,"[29.0, 135.0, 151.0]"
837,905,"[27.0, 81.0, 133.0, 152.0, 263.0]"
838,906,"[68.0, 131.0, 151.0]"
839,907,"[139.0, 151.0, 154.0, 175.0, 180.0]"
840,908,[170.0]
841,909,"[69.0, 87.0, 146.0, 174.0, 238.0]"
842,910,[254.0]
843,911,[109.0]
844,912,"[137.0, 149.0, 204.0, 292.0, 294.0]"
845,913,[206.0]
846,914,"[53.0, 73.0, 189.0]"
847,915,"[17.0, 23.0, 84.0, 93.0, 120.0, 236.0, 257.0]"
848,916,"[81.0, 139.0, 263.0]"
849,917,"[81.0, 139.0, 223.0, 224.0, 238.0]"
850,918,"[133.0, 160.0]"
851,920,"[36.0, 52.0, 81.0, 139.0, 191.0, 208.0, 223.0, 224.0, 225.0, 226.0, 227.0, 228.0, 229.0, 230.0, 231.0, 234.0, 272.0]"
852,921,"[21.0, 28.0, 73.0, 262.0]"
853,922,[18.0]
854,923,"[21.0, 28.0, 73.0]"
855,924,"[73.0, 128.0, 129.0, 170.0]"
856,925,[172.0]
857,926,[160.0]
858,927,"[88.0, 116.0, 254.0, 257.0, 304.0]"
859,929,[114.0]
860,930,"[3.0, 24.0, 81.0, 174.0, 191.0, 192.0, 193.0, 238.0, 263.0, 272.0, 287.0]"
861,931,"[81.0, 174.0, 206.0, 238.0]"
862,932,[56.0]
863,933,[56.0]
864,934,"[6.0, 7.0, 12.0, 35.0, 37.0, 39.0, 57.0, 62.0, 67.0, 121.0, 171.0, 262.0, 275.0, 303.0]"
865,935,"[277.0, 292.0, 306.0]"
866,937,"[98.0, 171.0, 172.0, 187.0]"
867,938,[121.0]
868,939,"[1.0, 2.0, 173.0, 264.0]"
869,940,"[81.0, 174.0, 238.0]"
870,941,[240.0]
871,943,"[7.0, 45.0, 118.0, 275.0]"
872,944,"[154.0, 175.0]"
873,946,"[6.0, 25.0, 39.0, 69.0, 176.0, 261.0]"
874,947,"[35.0, 57.0, 196.0]"
875,948,"[57.0, 177.0, 245.0]"
876,949,"[154.0, 175.0]"
877,950,[50.0]
878,951,"[29.0, 88.0, 123.0, 138.0, 154.0, 175.0, 179.0]"
879,952,"[88.0, 262.0]"
880,953,[232.0]
881,954,[173.0]
882,955,"[10.0, 20.0, 66.0]"
883,956,"[139.0, 208.0, 223.0, 224.0, 226.0, 227.0, 227.0, 228.0, 229.0, 230.0, 231.0]"
884,958,"[37.0, 88.0, 173.0, 284.0]"
885,960,"[81.0, 183.0, 191.0, 192.0, 193.0, 223.0, 226.0, 227.0, 228.0, 229.0]"
886,961,"[183.0, 292.0]"
887,962,"[129.0, 232.0]"
888,963,"[35.0, 42.0]"
889,964,[125.0]
890,965,[136.0]
891,966,[186.0]
892,967,"[36.0, 52.0, 72.0, 81.0, 108.0, 109.0, 110.0, 264.0]"
893,968,"[62.0, 275.0]"
894,969,"[15.0, 136.0, 240.0, 246.0, 292.0]"
895,971,[110.0]
896,972,[188.0]
897,973,"[88.0, 170.0, 189.0, 205.0, 207.0]"
898,974,"[7.0, 49.0, 57.0, 69.0, 115.0, 242.0, 243.0, 275.0]"
899,975,"[1.0, 9.0, 123.0, 156.0, 264.0]"
900,977,"[206.0, 238.0]"
901,978,"[105.0, 147.0, 163.0]"
902,979,"[87.0, 105.0, 292.0]"
903,981,"[21.0, 28.0, 73.0, 262.0]"
904,982,[28.0]
905,983,"[35.0, 176.0, 183.0, 241.0, 242.0, 243.0, 244.0]"
906,984,[35.0]
907,985,"[183.0, 226.0, 227.0]"
908,986,"[39.0, 69.0]"
909,987,"[10.0, 20.0, 21.0, 66.0, 113.0, 264.0]"
910,988,"[1.0, 2.0, 20.0, 66.0, 173.0, 232.0, 264.0]"
911,989,"[69.0, 170.0, 176.0, 243.0]"
912,990,"[114.0, 115.0]"
913,991,"[1.0, 2.0, 218.0, 264.0]"
914,992,"[26.0, 73.0, 160.0]"
915,993,"[5.0, 13.0, 17.0, 19.0, 41.0, 51.0, 88.0, 116.0, 123.0, 129.0, 262.0]"
916,994,"[115.0, 121.0, 270.0]"
917,997,"[13.0, 81.0, 88.0, 123.0, 199.0, 215.0, 238.0, 247.0]"
918,999,"[139.0, 190.0, 191.0, 192.0, 193.0, 216.0, 223.0, 226.0, 227.0, 228.0, 229.0, 272.0]"
919,1000,"[191.0, 192.0, 193.0, 223.0, 226.0, 228.0, 229.0]"
920,1001,"[81.0, 126.0, 130.0, 193.0, 194.0, 195.0]"
921,1002,[139.0]
922,1003,"[112.0, 197.0, 198.0]"
923,1004,"[197.0, 198.0]"
924,1007,"[21.0, 67.0, 68.0, 209.0]"
925,1008,"[13.0, 21.0, 66.0, 88.0, 239.0, 262.0]"
926,1009,"[277.0, 282.0, 306.0]"
927,1011,[199.0]
928,1012,[100.0]
929,1013,"[34.0, 39.0]"
930,1014,"[6.0, 39.0]"
931,1015,"[118.0, 217.0]"
932,1016,"[6.0, 89.0]"
933,1017,"[28.0, 88.0, 189.0, 205.0, 239.0, 262.0]"
934,1018,"[28.0, 88.0, 189.0, 205.0, 262.0]"
935,1019,"[28.0, 73.0, 88.0, 189.0, 262.0]"
936,1020,"[28.0, 73.0, 88.0, 189.0, 262.0]"
937,1022,"[22.0, 112.0, 197.0, 200.0]"
938,1024,"[116.0, 125.0, 201.0]"
939,1025,"[21.0, 201.0]"
940,1026,"[15.0, 179.0, 201.0]"
941,1027,[160.0]
942,1029,[201.0]
943,1030,"[28.0, 62.0, 204.0, 205.0, 206.0, 275.0]"
944,1032,"[207.0, 234.0, 239.0, 304.0]"
945,1033,"[81.0, 258.0]"
946,1034,"[5.0, 15.0, 16.0, 20.0, 21.0, 49.0, 51.0, 66.0, 70.0, 81.0, 96.0, 113.0, 121.0, 164.0, 170.0, 176.0, 199.0, 204.0, 205.0, 207.0, 208.0, 211.0, 212.0, 215.0, 223.0, 224.0, 225.0, 226.0, 227.0, 228.0, 229.0, 230.0, 231.0, 235.0, 240.0, 243.0, 246.0, 246.0, 249.0, 250.0, 277.0, 291.0, 295.0, 304.0, 306.0]"
947,1035,"[48.0, 58.0, 87.0, 207.0, 240.0, 292.0]"
948,1036,"[208.0, 223.0, 224.0, 225.0, 226.0, 227.0, 228.0, 229.0, 230.0, 231.0]"
949,1037,"[81.0, 196.0, 208.0, 238.0]"
950,1038,[199.0]
951,1039,[209.0]
952,1040,"[199.0, 211.0]"
953,1041,"[7.0, 19.0, 37.0, 70.0, 88.0, 199.0, 257.0, 275.0, 306.0]"
954,1043,"[52.0, 215.0, 275.0, 304.0]"
955,1044,"[23.0, 24.0, 216.0]"
956,1045,"[35.0, 62.0, 68.0, 118.0, 177.0, 196.0, 213.0, 217.0, 217.0, 301.0]"
957,1046,"[1.0, 173.0, 264.0]"
958,1047,"[223.0, 226.0, 227.0, 228.0, 229.0]"
959,1049,[218.0]
960,1050,"[17.0, 29.0, 88.0, 154.0, 273.0]"
961,1051,[170.0]
962,1052,[112.0]
963,1053,"[39.0, 219.0, 220.0, 221.0, 222.0]"
964,1054,"[6.0, 39.0, 42.0, 219.0, 220.0, 221.0, 222.0, 238.0, 263.0]"
965,1055,"[29.0, 39.0, 57.0, 219.0, 220.0, 221.0, 222.0, 263.0]"
966,1056,"[219.0, 220.0, 221.0, 222.0]"
967,1057,"[11.0, 81.0, 234.0, 238.0, 263.0, 287.0]"
968,1059,"[32.0, 54.0, 173.0]"
969,1060,[173.0]
970,1061,[11.0]
971,1062,[189.0]
972,1063,[87.0]
973,1064,"[36.0, 172.0]"
974,1065,"[137.0, 172.0, 294.0]"
975,1066,[173.0]
976,1067,"[174.0, 238.0]"
977,1068,"[174.0, 238.0]"
978,1069,"[154.0, 262.0, 269.0, 270.0, 273.0]"
979,1073,"[242.0, 243.0]"
980,1075,[270.0]
981,1076,[27.0]
982,1077,[270.0]
983,1078,"[50.0, 139.0]"
984,1079,"[39.0, 100.0]"
985,1080,"[15.0, 41.0, 183.0, 277.0]"
986,1081,"[179.0, 277.0]"
987,1082,"[147.0, 178.0]"
988,1083,[179.0]
989,1084,"[57.0, 177.0, 245.0]"
990,1090,[30.0]
991,1091,[30.0]
992,1093,[30.0]
993,1095,[37.0]
994,1096,"[39.0, 53.0]"
995,1097,[35.0]
996,1098,[35.0]
997,1099,"[15.0, 104.0, 246.0, 292.0]"
998,1100,[247.0]
999,1102,[112.0]
1000,1103,"[57.0, 229.0]"
1001,1106,"[6.0, 25.0, 37.0, 39.0, 57.0, 248.0, 275.0]"
1002,1108,"[112.0, 306.0]"
1003,1111,"[88.0, 154.0, 269.0, 270.0, 273.0]"
1004,1112,"[15.0, 38.0, 113.0, 292.0]"
1005,1113,[183.0]
1006,1114,"[249.0, 250.0]"
1007,1115,"[1.0, 2.0, 264.0]"
1008,1116,[20.0]
1009,1118,[251.0]
1010,1119,"[6.0, 12.0, 25.0, 35.0, 42.0, 45.0, 57.0, 58.0, 89.0, 118.0, 177.0, 196.0, 213.0, 217.0, 233.0, 234.0, 245.0, 251.0, 275.0]"
1011,1121,"[6.0, 12.0, 25.0, 35.0, 42.0, 45.0, 57.0, 89.0, 118.0, 177.0, 196.0, 213.0, 217.0, 233.0, 234.0, 245.0, 251.0, 275.0]"
1012,1124,"[46.0, 139.0]"
1013,1125,[252.0]
1014,1129,[10.0]
1015,1132,"[118.0, 217.0]"
1016,1133,"[16.0, 66.0, 114.0, 115.0, 116.0, 201.0, 249.0, 292.0, 294.0, 275.0]"
1017,1134,"[22.0, 247.0, 255.0]"
1018,1135,[255.0]
1019,1136,"[22.0, 115.0, 304.0]"
1020,1138,"[6.0, 7.0, 39.0, 57.0, 264.0, 301.0]"
1021,1140,"[261.0, 303.0]"
1022,1141,[178.0]
1023,1144,"[23.0, 24.0]"
1024,1145,"[57.0, 58.0, 70.0, 81.0, 238.0, 245.0, 258.0]"
1025,1147,"[12.0, 35.0, 57.0, 148.0, 191.0, 242.0, 243.0, 306.0]"
1026,1148,"[277.0, 306.0]"
1027,1151,"[5.0, 13.0, 15.0, 19.0, 51.0, 265.0]"
1028,1154,"[57.0, 238.0, 284.0]"
1029,1155,"[41.0, 67.0, 304.0]"
1030,1157,"[269.0, 273.0]"
1031,1166,[57.0]
1032,1169,"[277.0, 282.0, 306.0]"
1033,1170,[272.0]
1034,1177,"[271.0, 274.0]"
1035,1184,"[52.0, 174.0, 206.0, 272.0]"
1036,1186,[272.0]
1037,1196,[271.0]
1038,1199,[281.0]
1039,1201,[7.0]
1040,1211,"[261.0, 290.0, 301.0, 303.0]"
1041,1245,[186.0]
1042,1247,[188.0]
1043,1249,"[26.0, 112.0, 112.0, 160.0]"
1044,1251,"[16.0, 66.0, 113.0, 264.0]"
1045,1253,"[53.0, 237.0]"
1046,1255,"[69.0, 87.0, 112.0, 121.0, 197.0]"
1047,1257,"[49.0, 87.0, 87.0, 121.0]"
1048,1259,"[76.0, 188.0]"
1049,1261,"[17.0, 24.0, 41.0, 62.0, 93.0, 236.0]"
1050,1263,"[66.0, 116.0, 123.0, 218.0, 264.0]"
1051,1265,[123.0]
1052,1267,"[1.0, 66.0, 113.0, 116.0, 123.0, 123.0, 179.0]"
1053,1269,"[41.0, 69.0, 94.0, 104.0, 115.0, 213.0, 214.0, 264.0]"
1054,1271,"[5.0, 67.0, 68.0, 88.0]"
1055,1273,"[29.0, 61.0, 93.0, 158.0]"
1056,1275,"[6.0, 31.0, 57.0, 116.0, 123.0]"
1057,1277,"[2.0, 31.0, 66.0, 116.0, 123.0, 173.0, 262.0]"
1058,1279,"[31.0, 74.0, 105.0, 108.0, 116.0]"
1059,1281,"[16.0, 28.0, 87.0, 88.0, 113.0, 132.0, 150.0]"
1060,1283,"[41.0, 112.0]"
1061,1285,"[20.0, 46.0, 81.0, 88.0, 98.0, 113.0, 159.0, 194.0]"
1062,1287,"[8.0, 35.0, 196.0]"
1063,1289,"[3.0, 29.0, 35.0, 227.0, 238.0]"
1064,1291,"[87.0, 146.0]"
1065,1293,"[69.0, 88.0, 94.0, 104.0, 116.0, 121.0, 123.0, 262.0]"
1066,1295,"[31.0, 52.0, 116.0, 123.0, 179.0, 264.0]"
1067,1297,"[58.0, 66.0, 113.0, 116.0, 214.0, 284.0, 304.0]"
1068,1299,"[22.0, 112.0]"
1069,1301,"[21.0, 28.0, 41.0, 66.0, 69.0, 94.0, 113.0, 291.0]"
1070,1303,"[28.0, 41.0, 69.0, 87.0, 94.0, 104.0, 112.0, 115.0]"
1071,1305,"[29.0, 66.0, 116.0, 179.0, 264.0]"
1072,1307,[212.0]
1073,1309,"[5.0, 19.0, 94.0, 104.0, 240.0, 246.0, 291.0]"
1074,1311,"[52.0, 238.0]"
1075,1315,"[69.0, 94.0, 104.0, 112.0, 115.0, 164.0, 244.0, 247.0]"
1076,1317,"[6.0, 17.0, 57.0, 81.0, 88.0, 101.0]"
1077,1319,"[17.0, 31.0, 88.0, 116.0, 123.0, 178.0]"
1078,1321,"[17.0, 31.0, 88.0, 116.0, 123.0, 262.0]"
1079,1323,[206.0]
1080,1325,"[69.0, 100.0]"
1081,1329,"[20.0, 29.0, 115.0, 291.0]"
1082,1331,"[6.0, 7.0, 41.0, 45.0, 57.0, 241.0, 242.0]"
1083,1333,"[6.0, 16.0, 47.0, 57.0, 113.0, 123.0, 292.0]"
1084,1335,"[87.0, 146.0, 277.0, 291.0]"
1085,1337,"[76.0, 188.0, 281.0]"
1086,1339,"[31.0, 53.0, 66.0, 81.0, 88.0, 123.0, 262.0, 264.0]"
1087,1345,"[51.0, 62.0, 88.0, 94.0, 104.0, 171.0]"
1088,1347,[55.0]
1089,1349,"[41.0, 112.0]"
1090,1351,"[7.0, 16.0, 82.0]"
1091,1353,[112.0]
1092,1355,"[112.0, 160.0, 195.0]"
1093,1357,"[26.0, 112.0, 112.0]"
1094,1359,"[8.0, 89.0, 301.0]"
1095,1361,"[17.0, 88.0, 116.0, 123.0, 178.0, 262.0]"
1096,1363,"[6.0, 21.0, 66.0, 69.0, 112.0, 113.0, 262.0, 264.0]"
1097,1365,"[87.0, 112.0, 164.0, 246.0]"
1098,1367,"[26.0, 29.0, 160.0, 195.0]"
1099,1369,"[6.0, 12.0, 57.0, 214.0, 228.0, 229.0]"
1100,1373,"[45.0, 57.0, 69.0, 214.0]"
1101,1375,"[20.0, 66.0, 113.0, 264.0]"
1102,1379,"[20.0, 66.0, 113.0, 264.0]"
1103,1381,"[113.0, 264.0]"
1104,1383,"[8.0, 118.0, 217.0]"
1105,1385,"[81.0, 131.0, 238.0]"
1106,1387,"[20.0, 69.0, 81.0, 88.0, 113.0, 116.0, 240.0]"
1107,1389,"[21.0, 41.0, 66.0, 115.0]"
1108,1393,"[8.0, 69.0, 187.0]"
1109,1395,"[87.0, 94.0, 104.0, 112.0, 115.0]"
1110,1397,"[22.0, 112.0]"
1111,1399,"[21.0, 41.0, 53.0, 69.0, 115.0, 292.0]"
1112,1403,[38.0]
1113,1405,"[52.0, 191.0]"
1114,1409,"[41.0, 67.0, 69.0, 94.0, 111.0, 115.0, 247.0]"
1115,1415,"[5.0, 88.0, 186.0, 186.0, 205.0, 207.0, 258.0]"
1116,1417,"[52.0, 258.0]"
1117,1421,"[52.0, 174.0, 191.0, 238.0, 272.0]"
1118,1423,"[57.0, 214.0, 242.0]"
1119,1425,"[206.0, 277.0, 306.0]"
1120,1429,[53.0]
1121,1431,"[62.0, 171.0]"
1122,1433,"[13.0, 21.0, 28.0, 73.0, 88.0, 262.0]"
1123,1435,"[21.0, 41.0, 66.0, 113.0, 240.0, 292.0]"
1124,1437,[188.0]
1125,1439,[8.0]
1126,1441,"[29.0, 214.0, 228.0, 229.0, 234.0]"
1127,1443,"[66.0, 87.0, 113.0, 116.0, 264.0, 292.0, 304.0]"
1128,1445,[94.0]
1129,1449,[121.0]
1130,1451,[265.0]
1131,1453,[104.0]
1132,1455,"[17.0, 24.0, 29.0, 61.0, 263.0]"
1133,1457,[45.0]
1134,1461,"[70.0, 112.0, 112.0, 146.0, 199.0, 211.0]"
1135,1463,"[21.0, 28.0, 88.0, 116.0]"
1136,1467,"[21.0, 41.0, 94.0, 104.0, 164.0]"
1137,1469,"[5.0, 121.0, 121.0]"
1138,1471,"[57.0, 233.0, 242.0]"
1139,1473,"[22.0, 26.0, 112.0, 160.0]"
1140,1475,"[26.0, 112.0, 160.0]"
1141,1479,[160.0]
1142,1483,[112.0]
1143,1487,"[17.0, 29.0, 47.0, 93.0]"
1144,1489,[39.0]
1145,1493,[126.0]
1146,1495,"[29.0, 82.0]"
1147,1497,"[147.0, 173.0, 264.0]"
1148,1501,"[81.0, 183.0]"
1149,1503,[91.0]
1150,1505,"[39.0, 69.0]"
1151,1509,"[2.0, 7.0, 29.0, 32.0, 33.0, 37.0, 66.0, 72.0, 113.0, 264.0]"
1152,1511,[112.0]
1153,1513,"[8.0, 62.0, 66.0, 116.0, 163.0, 258.0]"
1154,1515,"[88.0, 116.0, 171.0, 214.0, 240.0, 262.0, 264.0]"
1155,1517,"[52.0, 174.0, 206.0, 258.0]"
1156,1519,"[73.0, 88.0, 116.0, 214.0]"
1157,1521,[146.0]
1158,1523,[287.0]
1159,1525,"[287.0, 295.0]"
1160,1527,[107.0]
1161,1529,"[287.0, 295.0]"
1162,1531,"[287.0, 295.0]"
1163,1533,[287.0]
1164,1535,"[94.0, 121.0, 171.0]"
1165,1537,[19.0]
